model,rmse,mae,r2,nasa_score
CNN-LSTM,12.972237506415443,9.51572322845459,0.8952099084854126,287.953125
GRU,13.161515656821809,9.658679962158203,0.89212965965271,311.1829528808594
LSTM,13.173492078970082,10.047255516052246,0.8919332027435303,290.1172180175781
Attention-LSTM,13.613094623003388,9.904352188110352,0.8846004605293274,351.10467529296875
Hybrid XGBoost-LSTM-Att. (Proposed),17.877700708345788,12.745944023132324,0.8009722232818604,886.8207397460938
CNN-LSTM-Attention (Proposed),18.886976875821407,13.28687858581543,0.7778658866882324,1131.2930908203125
