model,rmse,mae,r2,nasa_score
GRU,13.17457098651455,9.598400115966797,0.8919155597686768,310.8833312988281
LSTM,13.194812934593132,10.148273468017578,0.8915831446647644,286.82562255859375
CNN-LSTM,13.382693350863352,9.862846374511719,0.8884736895561218,311.1583251953125
Attention-LSTM,14.952818354189903,10.986916542053223,0.8607688546180725,553.6170043945312
Hybrid XGBoost-LSTM-Att. (Proposed),17.17974345574107,11.719688415527344,0.8162092566490173,822.2368774414062
CNN-LSTM-Attention (Proposed),18.278440288890387,12.468648910522461,0.7919495701789856,996.0452270507812
